[{
  "english": "again",
  "maren": "po"
}, {
  "english": "air",
  "maren": "vellak"
}, {
  "english": "all",
  "maren": "buurd"
}, {
  "english": "allow",
  "maren": "lax"
}, {
  "english": "alteror",
  "maren": "dipi"
}, {
  "english": "amulet",
  "maren": "bacca"
}, {
  "english": "and",
  "maren": "en"
}, {
  "english": "and",
  "maren": "ulp"
}, {
  "english": "anger",
  "maren": "grrth"
}, {
  "english": "antidote",
  "maren": "'dote"
}, {
  "english": "any",
  "maren": "prak"
}, {
  "english": "aoe",
  "maren": "resancae"
}, {
  "english": "art",
  "maren": "maxtrik"
}, {
  "english": "artifact",
  "maren": "hruril"
}, {
  "english": "as",
  "maren": "aw"
}, {
  "english": "at",
  "maren": "ek"
}, {
  "english": "attack",
  "maren": "pantz"
}, {
  "english": "attacks",
  "maren": "attakjsks"
}, {
  "english": "avatar",
  "maren": "aviktra"
}, {
  "english": "avoid",
  "maren": "gwelf"
}, {
  "english": "away",
  "maren": "vorasha"
}, {
  "english": "back",
  "maren": "anti"
}, {
  "english": "bad",
  "maren": "puuu"
}, {
  "english": "bane",
  "maren": "xizjkama"
}, {
  "english": "banish",
  "maren": "vzedk"
}, {
  "english": "battlewaker",
  "maren": "dargonn"
}, {
  "english": "be",
  "maren": "sba"
}, {
  "english": "because",
  "maren": "ngig"
}, {
  "english": "become",
  "maren": "gnetam"
}, {
  "english": "betray",
  "maren": "betrasis"
}, {
  "english": "blade",
  "maren": "honl"
}, {
  "english": "bloody",
  "maren": "vyoovs"
}, {
  "english": "blue",
  "maren": "scyla"
}, {
  "english": "bring",
  "maren": "efron"
}, {
  "english": "but",
  "maren": "xup"
}, {
  "english": "can",
  "maren": "wepz"
}, {
  "english": "care",
  "maren": "ventil"
}, {
  "english": "chakram",
  "maren": "pow-itake"
}, {
  "english": "chamele",
  "maren": "ulvsuti"
}, {
  "english": "change",
  "maren": "volu"
}, {
  "english": "chaos",
  "maren": "choa"
}, {
  "english": "charm",
  "maren": "pow-sees"
}, {
  "english": "circle",
  "maren": "spira"
}, {
  "english": "city",
  "maren": "spira-arc"
}, {
  "english": "clothes",
  "maren": "jeoktl"
}, {
  "english": "codex",
  "maren": "apo"
}, {
  "english": "collapse",
  "maren": "kipaktra"
}, {
  "english": "collapsed",
  "maren": "kapuxtra"
}, {
  "english": "comes",
  "maren": "coatm"
}, {
  "english": "coming",
  "maren": "cmag"
}, {
  "english": "consume",
  "maren": "ztaglin"
}, {
  "english": "cookie",
  "maren": "coogie"
}, {
  "english": "corrupt",
  "maren": "calpurs"
}, {
  "english": "counts",
  "maren": "xnombo"
}, {
  "english": "crest",
  "maren": "hyzta"
}, {
  "english": "crime",
  "maren": "jiffl"
}, {
  "english": "crystal",
  "maren": "beso"
}, {
  "english": "curse",
  "maren": "guexe"
}, {
  "english": "dance",
  "maren": "ladhe"
}, {
  "english": "dark",
  "maren": "nocgofp"
}, {
  "english": "darkmare",
  "maren": "kotoke"
}, {
  "english": "daughter",
  "maren": "beanfon"
}, {
  "english": "day",
  "maren": "solbex"
}, {
  "english": "daymare",
  "maren": "datoke"
}, {
  "english": "death",
  "maren": "klatr"
}, {
  "english": "destroy",
  "maren": "ztath"
}, {
  "english": "destroyer",
  "maren": "ztatha"
}, {
  "english": "diamond",
  "maren": "tyhtni"
}, {
  "english": "die",
  "maren": "frrgth"
}, {
  "english": "difference",
  "maren": "dsis"
}, {
  "english": "do",
  "maren": "prnaf"
}, {
  "english": "dol",
  "maren": "lum"
}, {
  "english": "drain",
  "maren": "eobek"
}, {
  "english": "dreamer",
  "maren": "eovoc"
}, {
  "english": "duel",
  "maren": "contrk"
}, {
  "english": "earn",
  "maren": "kiptotik"
}, {
  "english": "earth",
  "maren": "elo"
}, {
  "english": "eat",
  "maren": "gobolo"
}, {
  "english": "eclipse",
  "maren": "'klips"
}, {
  "english": "egg",
  "maren": "zaaaa"
}, {
  "english": "ehhh",
  "maren": "fff"
}, {
  "english": "eight",
  "maren": "pln"
}, {
  "english": "elemen",
  "maren": "petha"
}, {
  "english": "enemy",
  "maren": "omono"
}, {
  "english": "enhance",
  "maren": "ehaknce"
}, {
  "english": "essence",
  "maren": "ekonu"
}, {
  "english": "essences",
  "maren": "ekonus"
}, {
  "english": "every",
  "maren": "eheh"
}, {
  "english": "everyone",
  "maren": "eheheoke"
}, {
  "english": "everywhere&nbsp;&nbsp;&nbsp;&nbsp;&nbsp;&nbsp;",
  "maren": "ehehvdere"
}, {
  "english": "evil",
  "maren": "uuura"
}, {
  "english": "evoke",
  "maren": "flhba"
}, {
  "english": "expect",
  "maren": "expacta"
}, {
  "english": "expects",
  "maren": "expacts"
}, {
  "english": "eye",
  "maren": "kata"
}, {
  "english": "face",
  "maren": "bvauiq"
}, {
  "english": "far",
  "maren": "vzidal"
}, {
  "english": "female",
  "maren": "tha"
}, {
  "english": "fire",
  "maren": "atsila"
}, {
  "english": "first",
  "maren": "prim"
}, {
  "english": "five",
  "maren": "gec"
}, {
  "english": "flame",
  "maren": "atsila-jospi"
}, {
  "english": "follow",
  "maren": "ifnru"
}, {
  "english": "fool",
  "maren": "ngi"
}, {
  "english": "fools",
  "maren": "ngis"
}, {
  "english": "for",
  "maren": "pal"
}, {
  "english": "four",
  "maren": "mfln"
}, {
  "english": "free",
  "maren": "weeak"
}, {
  "english": "friend",
  "maren": "dorfn"
}, {
  "english": "fun",
  "maren": "fuma"
}, {
  "english": "funny",
  "maren": "kard"
}, {
  "english": "gen",
  "maren": "yewvashk"
}, {
  "english": "girl",
  "maren": "thama"
}, {
  "english": "give",
  "maren": "creeak"
}, {
  "english": "go",
  "maren": "voragar"
}, {
  "english": "good",
  "maren": "mrul"
}, {
  "english": "goodbye",
  "maren": "gagaron"
}, {
  "english": "gote",
  "maren": "got"
}, {
  "english": "great",
  "maren": "bimrul"
}, {
  "english": "greet",
  "maren": "prnaf"
}, {
  "english": "grins",
  "maren": "grwij"
}, {
  "english": "guardian",
  "maren": "holow"
}, {
  "english": "halo",
  "maren": "maxsple"
}, {
  "english": "hammer",
  "maren": "smalt-honl"
}, {
  "english": "happy",
  "maren": "trefny"
}, {
  "english": "hat",
  "maren": "zfan"
}, {
  "english": "hate",
  "maren": "odpor"
}, {
  "english": "have",
  "maren": "amne"
}, {
  "english": "hc",
  "maren": "calor"
}, {
  "english": "hello",
  "maren": "aieka"
}, {
  "english": "help",
  "maren": "porce"
}, {
  "english": "here",
  "maren": "dap"
}, {
  "english": "hide",
  "maren": "skryt"
}, {
  "english": "hide",
  "maren": "skyrt"
}, {
  "english": "hit",
  "maren": "smalt"
}, {
  "english": "horde",
  "maren": "arak"
}, {
  "english": "house",
  "maren": "ara"
}, {
  "english": "how",
  "maren": "pa"
}, {
  "english": "however",
  "maren": "ngea"
}, {
  "english": "hunt",
  "maren": "ambak"
}, {
  "english": "hunter",
  "maren": "kuntra"
}, {
  "english": "hurt",
  "maren": "tese"
}, {
  "english": "if",
  "maren": "ef"
}, {
  "english": "imprison",
  "maren": "qnuasej"
}, {
  "english": "in",
  "maren": "in"
}, {
  "english": "is",
  "maren": "isis"
}, {
  "english": "it",
  "maren": "ejt"
}, {
  "english": "item",
  "maren": "itaka"
}, {
  "english": "items",
  "maren": "itakas"
}, {
  "english": "join",
  "maren": "glu"
}, {
  "english": "judgement",
  "maren": "njazk"
}, {
  "english": "kill",
  "maren": "carnge"
}, {
  "english": "know",
  "maren": "klopa"
}, {
  "english": "knowledge",
  "maren": "nawlej"
}, {
  "english": "koes",
  "maren": "nocto"
}, {
  "english": "lack",
  "maren": "hla"
}, {
  "english": "lake",
  "maren": "unadeli"
}, {
  "english": "lead",
  "maren": "nhon"
}, {
  "english": "leave",
  "maren": "plahka"
}, {
  "english": "lesson",
  "maren": "gohwel"
}, {
  "english": "life",
  "maren": "ganodu"
}, {
  "english": "light",
  "maren": "luminae"
}, {
  "english": "like",
  "maren": "niila"
}, {
  "english": "listen",
  "maren": "sge"
}, {
  "english": "longwinded",
  "maren": "gvilta"
}, {
  "english": "look",
  "maren": "ni"
}, {
  "english": "lose",
  "maren": "qyno"
}, {
  "english": "love",
  "maren": "nula"
}, {
  "english": "make",
  "maren": "kipotik"
}, {
  "english": "male",
  "maren": "cha"
}, {
  "english": "many",
  "maren": "muh"
}, {
  "english": "mare",
  "maren": "kotke"
}, {
  "english": "maren",
  "maren": "kototke"
}, {
  "english": "master",
  "maren": "baka"
}, {
  "english": "mate",
  "maren": "iomoc"
}, {
  "english": "me",
  "maren": "neki"
}, {
  "english": "memories",
  "maren": "eonimus"
}, {
  "english": "mighty",
  "maren": "palg"
}, {
  "english": "near",
  "maren": "intimni"
}, {
  "english": "need",
  "maren": "musit"
}, {
  "english": "nest",
  "maren": "payna"
}, {
  "english": "next",
  "maren": "kecz"
}, {
  "english": "night",
  "maren": "nocowuda"
}, {
  "english": "nine",
  "maren": "dok"
}, {
  "english": "no",
  "maren": "tzi"
}, {
  "english": "none",
  "maren": "nic"
}, {
  "english": "not",
  "maren": "tzin"
}, {
  "english": "now",
  "maren": "pas"
}, {
  "english": "of",
  "maren": "da"
}, {
  "english": "okdiedokie",
  "maren": "kie'die"
}, {
  "english": "old",
  "maren": "zal"
}, {
  "english": "on",
  "maren": "etn"
}, {
  "english": "one",
  "maren": "hum"
}, {
  "english": "oosn",
  "maren": "lun"
}, {
  "english": "or",
  "maren": "bz"
}, {
  "english": "or",
  "maren": "e"
}, {
  "english": "otherwise",
  "maren": "glbi"
}, {
  "english": "owner",
  "maren": "majet"
}, {
  "english": "parent",
  "maren": "patriad"
}, {
  "english": "peace",
  "maren": "pracie"
}, {
  "english": "pearl",
  "maren": "pajnara"
}, {
  "english": "penis",
  "maren": "ickna"
}, {
  "english": "perish",
  "maren": "flata"
}, {
  "english": "piss_off",
  "maren": "kial_otk"
}, {
  "english": "play",
  "maren": "dacta"
}, {
  "english": "poison",
  "maren": "vnom"
}, {
  "english": "por",
  "maren": "solkr"
}, {
  "english": "portal",
  "maren": "porl"
}, {
  "english": "power",
  "maren": "maxtrika"
}, {
  "english": "powerful",
  "maren": "maxtra"
}, {
  "english": "prepare",
  "maren": "grrzt"
}, {
  "english": "prime",
  "maren": "bimrul-hruril"
}, {
  "english": "protect",
  "maren": "yubnub"
}, {
  "english": "puny",
  "maren": "putra"
}, {
  "english": "relative",
  "maren": "palp"
}, {
  "english": "release",
  "maren": "capthk"
}, {
  "english": "require",
  "maren": "gross"
}, {
  "english": "restore",
  "maren": "resanc"
}, {
  "english": "return",
  "maren": "jospi"
}, {
  "english": "return",
  "maren": "depax"
}, {
  "english": "revulsion",
  "maren": "creeak-goss'na"
}, {
  "english": "room",
  "maren": "arc"
}, {
  "english": "ruler",
  "maren": "hhref"
}, {
  "english": "run",
  "maren": "druh"
}, {
  "english": "sad",
  "maren": "smutn"
}, {
  "english": "same",
  "maren": "imnk"
}, {
  "english": "sanctuary",
  "maren": "kipkge"
}, {
  "english": "save",
  "maren": "kimip"
}, {
  "english": "scared",
  "maren": "vang"
}, {
  "english": "scholar",
  "maren": "vorsate"
}, {
  "english": "scourge",
  "maren": "zta-kuntra"
}, {
  "english": "see",
  "maren": "zap"
}, {
  "english": "seneschal",
  "maren": "hhrak"
}, {
  "english": "seven",
  "maren": "jos"
}, {
  "english": "shield",
  "maren": "yub-itaka"
}, {
  "english": "shithead",
  "maren": "pojo"
}, {
  "english": "shoot",
  "maren": "pow"
}, {
  "english": "sir",
  "maren": "qqpritzy"
}, {
  "english": "six",
  "maren": "nmi"
}, {
  "english": "small",
  "maren": "imelv"
}, {
  "english": "some",
  "maren": "peco"
}, {
  "english": "son",
  "maren": "seplan"
}, {
  "english": "sorry",
  "maren": "mathz"
}, {
  "english": "souls",
  "maren": "ventils"
}, {
  "english": "soulsphere",
  "maren": "nocowle"
}, {
  "english": "speak",
  "maren": "rict"
}, {
  "english": "sphere",
  "maren": "orbtka"
}, {
  "english": "stagger",
  "maren": "shuuk"
}, {
  "english": "steal",
  "maren": "krast"
}, {
  "english": "stop",
  "maren": "klapka"
}, {
  "english": "student",
  "maren": "ashagrie"
}, {
  "english": "summon",
  "maren": "sumaxtra"
}, {
  "english": "swim",
  "maren": "sphplisch"
}, {
  "english": "take",
  "maren": "ktak"
}, {
  "english": "talk",
  "maren": "kajna"
}, {
  "english": "teach",
  "maren": "lanna"
}, {
  "english": "teacher",
  "maren": "dideyohvsgi"
}, {
  "english": "telescope",
  "maren": "akatati"
}, {
  "english": "ten",
  "maren": "bipl"
}, {
  "english": "than",
  "maren": "tajnee"
}, {
  "english": "thank",
  "maren": "fak"
}, {
  "english": "that",
  "maren": "etok"
}, {
  "english": "the",
  "maren": "ny"
}, {
  "english": "them",
  "maren": "nek"
}, {
  "english": "then",
  "maren": "ne"
}, {
  "english": "those",
  "maren": "dos"
}, {
  "english": "threaten",
  "maren": "moka"
}, {
  "english": "three",
  "maren": "krp"
}, {
  "english": "tick",
  "maren": "chuk"
}, {
  "english": "time",
  "maren": "dagiawuga"
}, {
  "english": "to",
  "maren": "na"
}, {
  "english": "trade",
  "maren": "danal"
}, {
  "english": "trail",
  "maren": "nvneh"
}, {
  "english": "trap",
  "maren": "qufn"
}, {
  "english": "trash",
  "maren": "guasata"
}, {
  "english": "trust",
  "maren": "kartel"
}, {
  "english": "two",
  "maren": "debll"
}, {
  "english": "understand",
  "maren": "minit"
}, {
  "english": "uoc",
  "maren": "unc"
}, {
  "english": "wait",
  "maren": "ceka"
}, {
  "english": "want",
  "maren": "wafa"
}, {
  "english": "ward",
  "maren": "klamxtexa"
}, {
  "english": "warrior",
  "maren": "qntfa"
}, {
  "english": "was",
  "maren": "waqa'd"
}, {
  "english": "water",
  "maren": "akzur"
}, {
  "english": "what",
  "maren": "vdat"
}, {
  "english": "when",
  "maren": "vden"
}, {
  "english": "where",
  "maren": "vdere"
}, {
  "english": "why",
  "maren": "eh"
}, {
  "english": "will",
  "maren": "waqa"
}, {
  "english": "with",
  "maren": "quop"
}, {
  "english": "words",
  "maren": "vakal"
}, {
  "english": "wounded",
  "maren": "wouex"
}, {
  "english": "yall",
  "maren": "buurdna"
}, {
  "english": "yes",
  "maren": "besa"
}, {
  "english": "you",
  "maren": "hw"
}, {
  "english": "young",
  "maren": "nita"
}]
